id,claim,rating,image_url,permalink(REDDIT),publish_date,keyword,twitter_url,,,,
2000,MoviePass' parent company says it had a service outage on Thursday because it couldn't afford to pay for movie tickets,TRUE,['http://i2.cdn.turner.com/money/dam/assets/171016102155-moviepass-logo-1100x619.jpg'],,2018-07-27T00:00:00+00:00,MoviePass parent outage afford,https://twitter.com/cnnbrk/status/1022867815647338497,,,,
2001,The US economy grew at an annual rate of 4.1% for the second quarter of this year ¡ª the fastest pace since 2014,TRUE,['https://i2.cdn.turner.com/money/dam/assets/180209075755-02-boeing-factory-washington-1280x720.jpg'],,2018-07-27T00:00:00+00:01,US economy grew fastest,https://twitter.com/cnnbrk/status/1022824920391331840,,,,
2002,North Korea hands over the possible remains of American war dead ,TRUE,['https://cdn.cnn.com/cnnnext/dam/assets/180611210012-trump-kim-jong-un-summit-super-169.jpg'],,2018-07-26T00:00:00+00:02,North Koread US troops,https://twitter.com/cnnbrk/status/1022666648879333376,,,,
2003,Hundreds of separated children not reunited by court-ordered deadline,TRUE,['https://pbs.twimg.com/media/DjEMMiIUwAAL2AL.jpg'],,2018-07-26T00:00:00+00:03,separated children reunited court-ordered ,https://twitter.com/cnnbrk/status/1022612063829585922,,,,
2004,Trump administration set to help farmers hurt by tariffs,TRUE,['https://media1.ledevoir.com/images_galerie/nwd_642328_489666/image.jpg'],,2018-07-24T00:00:00+00:04,Trump help farmers tariffs,https://twitter.com/cnnbrk/status/1021778267735502848,,,,
2005,Americans can legally download 3-D printed guns starting next month,TRUE,['https://cdn.theatlantic.com/assets/media/img/mt/2015/05/3D_Gun_1/facebook.jpg?1522840650'],,2018-07-20T00:00:00+00:05,legally download 3D gun,https://twitter.com/cnnbrk/status/1020063714920185857,,,,
2006,Government shuts down website for doctors searching for treatment guidelines,TRUE,['https://cdn.cnn.com/cnnnext/dam/assets/180627013115-hhs-seal-super-tease.jpg'],,2018-07-16T00:00:00+00:06,website down doctors guidelines,https://twitter.com/cnnbrk/status/1018976163551694848,,,,
2007,France crowned world champion after 4-2 win over Croatia.,TRUE,['https://www.nacion.com/resizer/cmuUrZBmeIZzDwZQ3bTAJBs7swg=/1200x0/center/middle/filters:quality(100)/www.nacion.com/resizer/MCCfHnQI92vYcUz9flbTncvxLIw=/1200x0/center/middle/filters:quality(100)/arc-anglerfish-arc2-prod-gruponacion.s3.amazonaws.com/public/BQ5ZAWUWCVDCDIS6VQIRKCPJGI.jpg'],,2018-07-15T00:00:00+00:07,Fance champion win Croatia,https://twitter.com/cnnbrk/status/1018540020024500224,,,,
2008,Paragliding Trump protester arrested,TRUE,['https://cdn.cnn.com/cnnnext/dam/assets/180714094950-anti-trump-paraglider.jpg'],,2018-07-15T00:00:00+00:08,Paragliding Trump protester arrested,https://twitter.com/cnnbrk/status/1018512044079841280,,,,
2009,Eight endangered black rhinos have died after being relocated to a sanctuary in southern Kenya,TRUE,['https://cdn.cnn.com/cnnnext/dam/assets/180713112040-kenya-rhino-relocation-1-super-tease.jpg'],,2018-07-13T00:00:00+00:09,rhinos died relocated sanctuary,https://twitter.com/cnnbrk/status/1017833586265853953,,,,
2010,More than 100 people in Illinois and Iowa are ill from a parasite possibly linked to McDonald's salads,TRUE,['https://cdn.cnn.com/cnnnext/dam/assets/120821025442-mcdonalds-golden-arches-super-169.jpg'],,2018-07-27T00:00:00+00:10,ill parasite McDonald,https://twitter.com/cnnbrk/status/1017593779346341890,,,,
2011,NFL player's union files grievance against national anthem policy,TRUE,['https://cdn.cnn.com/cnnnext/dam/assets/180607170738-02-nfl-kneel-anthem-protest-file-full-169.jpg'],,2018-07-10T00:00:00+00:11,NFL grievance against anthem ,https://twitter.com/cnnbrk/status/1016741178786672642,,,,
2012,Rescuers up against 'water and time' to save remaining teammates trapped in Thai cave,TRUE,['https://i1.wp.com/ifooh.com/wp-content/uploads/2018/07/636666494184236284-AFP-AFP-17A8IV.jpg?fit=3200%2C1680&ssl=1'],,2018-07-08T00:00:00+00:12,rescuers  trapped Thai cave,https://twitter.com/cnnbrk/status/1015939227480141824,,,,
2013,Croatia defeats host Russia in World Cup penalty shootout,TRUE,['https://cdn.cnn.com/cnnnext/dam/assets/180707212050-vida-super-168.jpg'],,2018-07-07T00:00:00+00:13,Croatia Russia Cup shootout,https://twitter.com/cnnbrk/status/1015704183545057280,,,,
2014,Chicago gun violence protesters close major interstate near downtown,TRUE,['https://cdn.cnn.com/cnnnext/dam/assets/180707114018-03-chicago-protests-070718-full-169.jpg'],,2018-07-07T00:00:00+00:14,Chicago gun protesters interstaet,https://twitter.com/cnnbrk/status/1015641782346973184,,,,
2015,North Korea pans 'gangster-like mindset' of US as Pompeo signals 'progress' in talks,TRUE,['https://cdn.cnn.com/cnnnext/dam/assets/180706204041-pompeo-north-korea-full-169.jpg '],,2018-07-07T00:00:00+00:15,North Koread gangster-like mindset,https://twitter.com/cnnbrk/status/1015603845337092097,,,, 
2016,A woman climbed the base of the Statue of Liberty on the Fourth of July to protest migrant family separations,TRUE,['https://webnews.bg/uploads/images/79/6579/366579/768x432.jpg?_=1530755556'],,2018-07-27T00:00:00+00:16,climbed Liverty protest migrant ,https://twitter.com/cnnbrk/status/1014643265449201664,,,,
2017,Archbishop Wilson convicted of covering up sex abuse avoids prison ,TRUE,['https://cdn.cnn.com/cnnnext/dam/assets/180618192442-archbishop-philip-wilson-court-0522-restricted-super-169.jpg'],,2018-07-04T00:00:00+00:17,Archbishop covering sex avoids,https://twitter.com/cnnbrk/status/1013945810227167235,,,,
2018,Liquid water 'lake' revealed on Mars.,TRUE,['https://www.newsfirst.lk/sinhala/wp-content/uploads/2018/07/mars.jpg'],,2018-07-25T00:00:00+00:18,Liquid lake revealed Mars,https://twitter.com/BBCBreaking/status/1022125032024297473,,,,
2019,Kit Kat case: No break for Nestl¨¦ in trademark row.,TRUE,['http://www.wepress2impress.com/wp-content/uploads/2018/07/kit-kat-case-no-break-for-nestle-in-trademark-row-976x470.jpg'],,2018-07-25T00:00:00+00:19,Kat break Nestle trademark,https://twitter.com/BBCBreaking/status/1022064263161098245,,,,
2020,Worcester 'acid attack': Boy aged three injured,TRUE,['https://www.newshub.co.nz/home/world/2018/07/acid-attack-on-british-toddler/_jcr_content/par/video/image.dynimg.full.q75.jpg'],,2018-07-22T00:00:00+00:20,Worcester acid attack injured,https://twitter.com/BBCBreaking/status/1020977914823741440,,,,
2021,German bus knife attack leaves several wounded,TRUE,['http://media.alalam.ir/uploads/855x495/153209838528703100.jpg'],,2018-07-27T00:00:00+00:21,hurt German bus knife,https://twitter.com/BBCBreaking/status/1020301041160663040,,,,
2022,Alisson: Liverpool offer for Brazil goalkeeper accepted by Roma,TRUE,['https://lh3.googleusercontent.com/-PzbcgTzve40/W0-Ml_2cNzI/AAAAAAAAHW4/aU2GW8rDZfgppRSPEusr9DQu06YvfGxogCHMYCw/s1600/a-96.jpg'],,2018-07-27T00:00:00+00:22,Alisson Liverpool goalkeeper Roma,https://twitter.com/BBCSport/status/1019537161111162880,,,,
2023,Cliff Richard: Singer wins BBC privacy case at High Court,TRUE,['http://news.images.itv.com/image/file/1591881/stream_2.37629295.jpg'],,2018-07-18T00:00:00+00:23,Cliff wins BBC privacy,https://twitter.com/BBCBreaking/status/1019518782765707264,,,,
2024,"Brexit: Vote Leave broke electoral law, says Electoral Commission",TRUE,['https://i2.wp.com/viralords.com/wp-content/uploads/2018/07/c7fb9ff154c4baa56bebe758158959e1.jpeg?fit=1024%2C576&ssl=1'],,2018-07-17T00:00:00+00:24,Brexit  Vote leave broke ,https://twitter.com/BBCBreaking/status/1019103890023813120,,,,
2025,FRANCE ARE THE WORLD CHAMPIONS! ,TRUE,['https://static1.squarespace.com/static/5981b7e2197aeacdba971b27/5b4d405088251b46c07ae413/5b4d40fc6d2a734b328a9a19/1531789584415/France-WC-Winners1.png?format=1500w'],,2018-07-15T00:00:00+00:25,Fance world Champions Final,https://twitter.com/BBCSport/status/1018539143100497921,,,,
2026,Belgium overcome England to take third at World Cup,TRUE,['https://pbs.twimg.com/media/DiEtalYXkAAeaNe.jpg:large'],,2018-07-12T00:00:00+00:26,Belgium Englangd third Cup,https://twitter.com/BBCSport/status/1018161194446700547,,,,
2027,Murdoch's Fox cleared for Sky takeover bid,TRUE,['https://images.radio-canada.ca/v1/ici-premiere/perso/mlarge-rupert-murdoch-magnat-20th-century-fox.jpg'],,2018-07-27T00:00:00+00:27,Murdoch Fox cleared bid,https://twitter.com/BBCBreaking/status/1017370861421105152,,,,
2028,Tory vice-chairs quit over PM's Brexit plan,TRUE,['https://www.telegraph.co.uk/content/dam/politics/2018/07/10/TELEMMGLPICT000168858213-xlarge_trans_NvBQzQNjv4Bq-pfgFGBz9L_4V5dRQnfCxd6yN5CV7Pul_xM_LGnPwu0.jpeg'],,2018-07-10T00:00:00+00:28,Tory vice-chairs qtui Brexit,https://twitter.com/BBCBreaking/status/1016711409974042628,,,,
2029,RAF centenary: Thousands watch flypast.,TRUE,['https://www.thesun.co.uk/wp-content/uploads/2018/07/NINTCHDBPICT000419408988.jpg?w={width}'],,2018-07-10T00:00:00+00:29,RAF centenary thousands flypast,https://twitter.com/BBCBreaking/status/1016659573011185666,,,,
2030,All 12 boys and their football coach rescued from flooded cave system in Chiang Rai,TRUE,['https://www.debate.com.mx/__export/1531584794912/sites/debate/img/2018/07/14/whatsapp_image_2018-07-14_at_08_58_40.jpeg_423682103.jpeg'],,2018-07-10T00:00:00+00:30,football rescued cave  Chiang ,https://twitter.com/BBCBreaking/status/1016651921241853952,,,,
2031,Gun control advocates can't stop group from posting instructions to 3-D print a gun,TRUE,['https://firenewsfeed.com/image/728x410/aHR0cHM6Ly9jZG4uY25uLmNvbS9jbm5uZXh0L2RhbS9hc3NldHMvMTQwODE4MTk1ODIwLTNkLXByaW50ZWQtZ3VuLTEyODB4NzIwLXN0b3J5LXRvcC5qcGc='],,2018-07-27T00:00:00+00:31,gun stop posting 3-D,https://twitter.com/cnnbrk/status/1023022254429532160,,,,
2032,NYPD looking into reports of 3 suspicious packages at Trump Tower,TRUE,['https://www.ilmessaggero.it/photos/HIGH/13/99/3881399_0058_trump_tower_pacchi_sospetti.jpg'],,2018-07-27T00:00:00+00:32,NTPD suspicious Trump Tower,https://twitter.com/cnnbrk/status/1022974986561179648,,,,
2033,Civil rights icon Rep. John Lewis hospitalized,TRUE,['https://cdn.cnn.com/cnnnext/dam/assets/180307133018-john-lewis-edmund-pettus-bridge-full-169.jpg'],,2018-07-28T00:00:00+00:33,Civil icon Rep.John hospitalized,https://twitter.com/cnnbrk/status/1023425218012950529,,,,
2034,Georgia lawmaker who came under fire after yelling 'n-word' on 'Who Is America?' says he'll quit,TRUE,['https://pbs.twimg.com/media/Di8c669XgAANEFe.jpg:large'],,2018-07-24T00:00:00+00:34,lawmaker dropped trousers n-word,https://twitter.com/cnnbrk/status/1023425218012950529,,,,
2035,LeBron James to join Lakers for $154 million over 4 years,TRUE,['https://www.nbcsports.com/sites/nbcsports.com/files/2018/06/11/nbc_dps_reggiemilleronlbj_180611.jpg'],,2018-07-02T00:00:00+00:35,LeBron join Lakers million,https://twitter.com/cnnbrk/status/1013583161333309440,,,,
2036,"Boise stabbing suspect wanted revenge, police say; 6 kids among injured",TRUE,['http://storage.tvanouvelles.ca/v1/dynamic_resize/sws_path/tvanouvelles_prod/1033059e-47ca-4a89-bf04-d7c720ed2ef5_16x9_WEB.jpg?quality=80&size=1200x&version=1'],,2018-07-01T00:00:00+00:36, Boise stabbing revenge kids,https://twitter.com/cnnbrk/status/1013529875024576512,,,,
2037,Canada hits $13 billion of US goods with new tariffs,TRUE,['http://espanol24.com/cnnes/wp-content/uploads/2018/07/180628131021-donald-trump-justin-trudeau-us-canada-trade-780x439.jpg'],,2018-07-01T00:00:00+00:37,Canada hits US tariffs,https://twitter.com/cnnbrk/status/1013486173044527107,,,,
2038,Protesters march against Trump's immigration policy,TRUE,['https://pbs.twimg.com/media/Dg8gM_NUcAI2dFl.jpg'],,2018-06-30T00:00:00+00:38,Protesters march Trump's immigration,https://twitter.com/cnnbrk/status/1013066328175972355,,,,
2039,"GM warns tariff could force job cuts, raise cost of cars ",TRUE,['https://www.francetvinfo.fr/image/75e7k1xax-80ce/1500/843/12529756.jpg'],,2018-06-29T00:00:00+00:39,GM tariff job cuts,https://twitter.com/CNNMoney/status/1012798267950845952,,,,
2040,First lady Melania Trump arrives in Arizona for her second trip to immigration facilities,TRUE,"['https://dynaimage.cdn.cnn.com/cnn/c_fill,g_auto,w_1200,h_675,ar_16:9/https%3A%2F%2Fcdn.cnn.com%2Fcnnnext%2Fdam%2Fassets%2F180628131511-01-melania-trump-arizona-0628.jpg']",,2018-06-28T00:00:00+00:40,Melania Arizona second immigration,https://twitter.com/CNNPolitics/status/1012391958789152769,,,,
2041,Trump casts doubt on Russian election meddling ahead of Putin summit,TRUE,['https://pbs.twimg.com/media/DiPGa1yWkAEmCeq.jpg'],,2018-06-28T00:00:00+00:41,Treump Russian election meddling,https://twitter.com/cnnbrk/status/1012310639589646336,,,,
2042,"Joe Jackson, musical family patriarch, dead at 89",TRUE,['https://cnnespanol2.files.wordpress.com/2018/06/180627115519-joe-jackson-2009-file-full-169.jpg?quality=100&strip=info&w=1200'],,2018-06-T00:2600:00+00:42,Joe Jackson patriarch dead,https://twitter.com/cnnbrk/status/1012011712856449025,,,,
2043,House Intelligence Chairman Devin Nunes is demanding new information on Trump campaign and FBI informants,TRUE,['https://cdn.cnn.com/cnnnext/dam/assets/180504124446-devin-nunes-feb-08-super-tease.jpg '],,2018-06-26T00:00:00+00:43,Devin Nunes demanding information ,https://twitter.com/CNNPolitics/status/1011825233362341889,,,,
2044,"Federal judge orders reunification of parents and children, end to most family separations at border",TRUE,['https://cnnespanol2.files.wordpress.com/2018/06/180616030010-dhs-family-separation-01-full-169.jpg?quality=100&strip=info&strip=info'],,2018-06-26T00:00:00+00:44,Federal reunification end separations,https://twitter.com/CNNPolitics/status/1011819000513298432,,,,
2045,"A 28-year-old Democratic Socialist just ousted a powerful, 10-term congressman in New York",TRUE,['https://cdn.cnn.com/cnnnext/dam/assets/180626124237-aoc-2-super-tease.jpg '],,2018-06-27T00:00:00+00:45,28-year-old socialist ousted 10-term,https://twitter.com/cnnbrk/status/1011794427973644288,,,,
2046,Sarah Sanders to receive Secret Service protection,TRUE,['https://cdn.cnn.com/cnnnext/dam/assets/180605200516-sarah-sanders-ataques-trump-regano-noticias-frase-directa-dusa-00001313-super-tease.jpg '],,2018-06-26T00:00:00+00:46,Sarah Sanders receive protection,https://twitter.com/cnnbrk/status/1011749396155858944,,,,
2047,Supreme Court upholds travel ban,TRUE,['https://cdn.cnn.com/cnnnext/dam/assets/170629201807-01-travel-ban-protest-june-29-2017-super-tease.jpg '],,2018-06-26T00:00:00+00:47,Supreme upholds travel ban,https://twitter.com/cnnbrk/status/1011621621252214786,,,,
2048,Trump accuses Harley-Davidson of waving 'white flag' in budding trade war,TRUE,['https://cdn.cnn.com/cnnnext/dam/assets/180625162423-01-harley-davidson-trump-062518-full-169.jpg '],,2018-06-25T00:00:00+00:48,Trump accuses Harley-Davisdon waving,https://twitter.com/cnnbrk/status/1011377759606755328,,,,
2049,"Pawn Stars' star Richard Harrison, known as 'The Old Man,' dies",TRUE,['https://static.independent.co.uk/s3fs-public/thumbnails/image/2018/06/25/16/pawn-stars-1.jpg '],,2018-06-25T00:00:00+00:49,Richard Harrison Old dies,https://twitter.com/cnnbrk/status/1011313281192079362,,,,
2050,Harley-Davidson will move some production out of the US to avoid EU retaliatory tariffs,TRUE,['http://harley-davidson.motowp.com/sportster/forty-eight/2016/Harley-Davidson-Sportster-Forty-Eight-2016-5120x2880-005.jpg '],,2018-06-25T00:00:00+00:50,Harley-Davidson move avoid EU,https://twitter.com/cnnbrk/status/1011227424099569664,,,,
2051,"Teenage boy reported missing from Texas facility that cares for migrants, police say",TRUE,['https://cdn.cnn.com/cnnnext/dam/assets/180613213109-02-southwest-key-programs-casa-padre-shelter-exlarge-169.jpg'],,2018-06-24T00:00:00+00:51,Teenage missing Texas migrants,https://twitter.com/cnnbrk/status/1011006498829369344,,,,
2052,Almost 350 migrants are stranded on two boats in the Mediterranean,TRUE,['https://cdn.cnn.com/cnnnext/dam/assets/180624084745-03-mission-lifeline-libya-0621-super-tease.jpg '],,2018-06-24T00:00:00+00:52,migrants stranded boats Mediterranean,https://twitter.com/cnnbrk/status/1010915918950682624,,,,
2053,Trump jabs 'Wacky Jacky and Pocahontas' while campaigning for Dean Heller in Nevada,TRUE,['https://cdn.cnn.com/cnnnext/dam/assets/180623154500-01-donald-trump-nevada-0623-screengrab-super-169.jpg'],,2018-06-23T00:00:00+00:53,Trump jabs Wacky Nevada,https://twitter.com/cnnbrk,,,,
2054,Women in Saudi Arabia can now drive legally for the first time,TRUE,['https://pbs.twimg.com/media/DgZ6aCIU0AET8Ds.jpg '],,2018-06-23T00:00:00+00:54,Arabia drive legally first,https://twitter.com/cnnbrk/status/1010629878264287232,,,,
2055,CNN Poll: Americans think Russia investigation is serious and should continue,TRUE,['https://cdn.cnn.com/cnnnext/dam/assets/170613101920-trump-mueller-split-2-full-169.jpg'],,2018-06-22T00:00:00+00:55,Americans,https://twitter.com/CNNPolitics/status/1010107903687168001,,,,
2056,Melania Trump makes surprise visit to border facility,TRUE,['https://cdn.cnn.com/cnnnext/dam/assets/180614220236-melania-trump-brower-super-169.jpg '],,2018-06-21T00:00:00+00:56,Melania visit border facility,https://twitter.com/cnnbrk/status/1009833745229209600,,,,
2057,"Koko, the gorilla who mastered sign language, has died",TRUE,['https://cdn.cnn.com/cnnnext/dam/assets/180621115715-01-koko-the-gorilla-super-tease.jpg '],,2018-06-21T00:00:00+00:57,Koko gorilla language died,https://twitter.com/cnnbrk,,,,
2058,"President Trump is speaking at a rally in Duluth, Minnesota, hours after signing an order to end family separations at the border. ",TRUE,['https://zenith.news/wp-content/uploads/2018/06/5ea588a5476b35fa16dd9b1014dd3973.jpg'],,2018-06-20T00:00:00+00:58,Trump speakingrally Duluth,https://twitter.com/cnnbrk/status/1009583761749667841,,,,
2059,"In a rare interview, Pope Francis says family separations at the US border are ""immoral.""",TRUE,['https://cdn.cnn.com/cnn/dam/assets/160728094606-pope-francis-wall-4-tease.jpg '],,2018-06-20T00:00:00+00:59,Pope Francis separations immoral,https://twitter.com/cnnbrk/status/1009401191162437635,,,,
2060,US announces it is withdrawing from the UN Human Rights Council,TRUE,['https://cdn.cnn.com/cnnnext/dam/assets/180515170420-02-united-nations-security-council-0515-super-tease.jpg '],,2018-06-19T00:00:00+00:60,US withdrawing UN Human,https://twitter.com/cnnbrk/status/1009190726318678016,,,,
2200,"Number of rough sleepers in England reach highest level since current records began - an estimated 4,751",TRUE,['https://twitter.com/i/cards/tfw/v1/956464605664071680?cardname=summary_large_image&autoplay_disabled=true&earned=true&edge=true&lang=en'],,2018-01-25-04:46,rough sleepers England highest,https://twitter.com/BBCBreaking/status/956464605664071680,,,,
2201,North and South Korea agree to carry single flag at Winter Olympics and field joint women's ice hockey team,TRUE,['https://twitter.com/i/cards/tfw/v1/953616752159744000?cardname=summary_large_image&autoplay_disabled=true&earned=true&edge=true&lang=en'],,2018-01-17-08:25,Korea single flag Olympics,https://twitter.com/BBCBreaking/status/953616752159744000,,,,
2202,The US is withholding more than half of $125m it gives to the UN relief agency for the Palestinians - officials,TRUE,['https://twitter.com/i/cards/tfw/v1/953346108050329600?cardname=summary_large_image&autoplay_disabled=true&earned=true&edge=true&lang=en'],,2018-01-16-14:59, US UN relief Palestinians,https://twitter.com/BBCBreaking/status/953346108050329600,,,,
2203,"Cranberries lead singer Dolores O'Riordan has died in London at the age of 46, her publicist says",TRUE,['https://twitter.com'],,2018-01-15-12:49,Cranberries Dolores died London,https://twitter.com/BBCBreaking/status/952953481429704715,,,,
2204,"13-month-old Poppi Worthington was sexually abused before she died in 2012, coroner for Cumbria rules",TRUE,['https://twitter.com/i/cards/tfw/v1/952920748066295814?cardname=summary_large_image&autoplay_disabled=true&earned=true&edge=true&lang=en'],,2018-01-15-10:45,Poppi Worthington sexually abuse,https://twitter.com/BBCBreaking/status/952920748066295814,,,,
2205,Hawaiians receive emergency text warning of ballistic missile threat but officials later say it was a mistake,TRUE,['https://twitter.com/i/cards/tfw/v1/952249426873061376?cardname=summary_large_image&autoplay_disabled=true&earned=true&edge=true&lang=en'],,2018-01-13-13:09,Hawaiian emergency warning ballistic,https://twitter.com/BBCBreaking/status/952249426873061376,,,,
2206,"Patients are dying in hospital corridors amid ""intolerable"" NHS conditions, A&E doctors warn the PM",TRUE,['https://twitter.com/i/cards/tfw/v1/951423835995279360?cardname=summary_large_image&autoplay_disabled=true&earned=true&edge=true&lang=en'],,2018-01-11-07:33,Patient dying hospital NHS,https://twitter.com/BBCBreaking/status/951423835995279360,,,,
2207,"Jon Venables, one of the killers of toddler James Bulger in 1993, charged over indecent images of children",TRUE,['https://twitter.com/i/cards/tfw/v1/949286076442693632?cardname=summary_large_image&autoplay_disabled=true&earned=true&edge=true&lang=en'],,2018-01-05-09:52,Venables killer toddler charge,https://twitter.com/BBCBreaking/status/949286076442693632,,,,
2208,"The Queen's granddaughter Zara Tindall and husband Mike Tindall are expecting their second child, a spokeswoman says",TRUE,['https://twitter.com/i/cards/tfw/v1/949274266301759488?cardname=summary_large_image&autoplay_disabled=true&earned=true&edge=true&lang=en'],,2018-01-05-08:56,Zara Tindall second child,https://twitter.com/BBCBreaking/status/949274266301759488,,,,
2209,"Firefighters tackling blaze at 12-storey block of flats in Manchester, as police warn people to avoid area",TRUE,['https://twitter.com/i/cards/tfw/v1/947151077639639041?cardname=summary_large_image&autoplay_disabled=true&earned=true&edge=true&lang=en'],,2017-12-30-12:08,firefighter tackle blaze Manchester,https://twitter.com/BBCBreaking/status/947151077639639041,,,,
2210,British woman accused of bringing 300 painkiller tablets into Egypt jailed for three years,TRUE,['https://twitter.com/i/cards/tfw/v1/945625412343947264?cardname=summary_large_image&autoplay_disabled=true&earned=true&edge=true&lang=en'],,2017-12-26-07:41,British accuse painkiller Egypt,https://twitter.com/BBCBreaking/status/945625412343947264,,,,
2211,"Catalan separatists on track to win back most seats in local parliament, drawing new battle lines with Spain's government",TRUE,['https://twitter.com/i/cards/tfw/v1/943970005200326656?cardname=summary_large_image&autoplay_disabled=true&earned=true&edge=true&lang=en'],,2017-12-21-17:42,Catalan separatists win parliament,https://twitter.com/BBCBreaking/status/943970005200326656,,,,
2212,Melbourne police update,TRUE,['https://twitter.com/i/cards/tfw/v1/943725504028381184?cardname=summary_large_image&autoplay_disabled=true&forward=true&earned=true&edge=true&lang=en'],,2017-12-21-05:51,Melbourne police update,https://twitter.com/BBCBreaking/status/943725504028381184,,,,
2213,"Australian police arrest driver after car hits ""a number of pedestrians"" on Flinders Street, Melbourne",TRUE,['https://twitter.com/i/cards/tfw/v1/943725504028381184?cardname=summary_large_image&autoplay_disabled=true&earned=true&edge=true&lang=en'],,2017-12-21-01:08,police arrest driver Melbourne,https://twitter.com/BBCBreaking/status/943725504028381184,,,,
2214,Korean boy band superstar Kim Jong-hyun dies after being found unconscious in a Seoul apartment,TRUE,['https://twitter.com/i/cards/tfw/v1/942727270724177920?cardname=summary_large_image&autoplay_disabled=true&earned=true&edge=true&lang=en'],,2017-12-18-07:31,Kim Jong-hyun die unconscious Seoul,https://twitter.com/BBCBreaking/status/942727270724177920,,,,
2215,"Prince Harry and Meghan Markle's wedding to be held on 19 May next year, Kensington Palace announces",TRUE,['https://twitter.com/i/cards/tfw/v1/941655402663596032?cardname=summary_large_image&autoplay_disabled=true&earned=true&edge=true&lang=en'],,2017-12-15-08:17,Harry Meghan wedding announce,https://twitter.com/BBCBreaking/status/941655402663596032,,,,
2216,"Veteran TV presenter Keith Chegwin has died aged 60 after a long illness, his family says.",TRUE,['https://twitter.com/i/cards/tfw/v1/940225019183058944?cardname=summary_large_image&autoplay_disabled=true&earned=true&edge=true&lang=en'],,2017-12-11-09:27,Keith Chegwin died illness,https://twitter.com/BBCBreaking/status/940225019183058944,,,,
2217,"Australians voted yes, now so do their MPs: Same-sex marriage will be legal after historic bill approved",TRUE,['https://twitter.com/i/cards/tfw/v1/938664469953236992?cardname=summary_large_image&autoplay_disabled=true&earned=true&edge=true&lang=en'],,2017-12-07-02:23,Australians vote same-sex legal,https://twitter.com/BBCBreaking/status/938664469953236992,,,,
2218,"Rail passengers will see fares rise by an average of 3.4% from 2 January, industry announces",TRUE,['https://twitter.com/i/cards/tfw/v1/937940278228471809?cardname=summary_large_image&autoplay_disabled=true&earned=true&edge=true&lang=en'],,2017-12-05-02:43,rail passenger fare rise,https://twitter.com/BBCBreaking/status/937940278228471809,,,,
2219,US Supreme Court allows President Trump's travel ban on six mainly Muslim countries to go fully into effect,TRUE,['https://twitter.com/i/cards/tfw/v1/937793500845891585?cardname=summary_large_image&autoplay_disabled=true&earned=true&edge=true&lang=en'],,2017-12-04-16:28,supreme allow travel ban,https://twitter.com/BBCBreaking/status/937793500845891585,,,,
2220,Prince Harry and Meghan Markle to marry at Windsor Castle next May,TRUE,['https://twitter.com/i/cards/tfw/v1/935531627165384705?cardname=summary_large_image&autoplay_disabled=true&earned=true&edge=true&lang=en'],,2017-11-28-10:35,Harry Meghan marry May,https://twitter.com/BBCBreaking/status/935531627165384705,,,,
2221,"Bomb and gun attack on mosque in Egypt's North Sinai province, with many casualties feared",TRUE,['https://twitter.com/i/cards/tfw/v1/934022908808220672?cardname=summary_large_image&autoplay_disabled=true&earned=true&edge=true&lang=en'],,2017-11-24-06:29,attack mosque Egypt casualties,https://twitter.com/BBCBreaking/status/934022908808220672,,,,
2222,"President Robert Mugabe has resigned via letter, speaker of Zimbabwe's parliament says, halting impeachment debate",TRUE,['https://twitter.com/i/cards/tfw/v1/933000011612344322?cardname=summary_large_image&autoplay_disabled=true&earned=true&edge=true&lang=en'],,2017-11-21-10:51,Mugabe resign letter Zimbabwe,https://twitter.com/BBCBreaking/status/933000011612344322,,,,
2223,'Leonardo da Vinci artwork' sells for a record-breaking $450m at an auction in New York,TRUE,['https://twitter.com/i/cards/tfw/v1/930964213052342272?cardname=summary_large_image&autoplay_disabled=true&earned=true&edge=true&lang=en'],,2017-11-15-20:19,Leonardo Vinci record-breaking 450,https://twitter.com/BBCBreaking/status/930964213052342272,,,,
2224,Australians vote 61.6% in favour of legalising same-sex marriage in non-binding poll with 79.5% participation,TRUE,['https://twitter.com/i/cards/tfw/v1/930572356749324290?cardname=summary_large_image&autoplay_disabled=true&earned=true&edge=true&lang=en'],,2017-11-14-18:13,Australians vote same-sex 79.5,https://twitter.com/BBCBreaking/status/930572356749324290,,,,
2225,Priti Patel resigns as UK international development secretary after row over meeting Israeli politicians ,TRUE,['https://twitter.com'],,2017-11-08-14:52,Patel resign UK secretary,https://twitter.com/BBCBreaking/status/928340561911836672,,,,
2226,"Celebrity chef and restaurateur Antonio Carluccio has died at the age of 80, his agent confirms",TRUE,['https://twitter.com/i/cards/tfw/v1/928285810318856192?cardname=summary_large_image&autoplay_disabled=true&earned=true&edge=true&lang=en'],,2017-11-08-10:18,Antonio Carluccio died 80,https://twitter.com/BBCBreaking/status/928285810318856192,,,,
2227,"At least 27 dead in Texas church shooting,",TRUE,['https://twitter.com'],,2017-11-05-15:02,27 dead Texas church,https://twitter.com/BBCBreaking/status/927270806379405312,,,,
2228,Eight sacked Catalan ministers jailed by Spanish judge over push for independence,TRUE,['https://twitter.com/i/cards/tfw/v1/926118295962554369?cardname=summary_large_image&autoplay_disabled=true&earned=true&edge=true&lang=en'],,2017-11-02-12:22,sacked Catalan jailed Spanish,https://twitter.com/BBCBreaking/status/926118295962554369,,,,
2229,Mysteries of the pyramids deepen with discovery of what appears to be a large void within the Great Pyramid of Giza ,TRUE,['https://twitter.com'],,2017-11-02-08:54,mysteries pyramids void Giza,https://twitter.com/BBCBreaking/status/926058281080119296,,,,
2230,Number of casualties reported after an apparent shooting incident in New York's Lower Manhattan,TRUE,['https://twitter.com/i/cards/tfw/v1/925446114450530304?cardname=summary_large_image&autoplay_disabled=true&earned=true&edge=true&lang=en'],,2017-10-31-15:22,cacualties shooting Lower Manhattan,https://twitter.com/BBCBreaking/status/925446114450530304,,,,
2231,President Assad's Syrian regime was responsible for Sarin gas attack in April which killed more than 80 people - UN,TRUE,['https://twitter.com/i/cards/tfw/v1/923653855040110594?cardname=summary_large_image&autoplay_disabled=true&earned=true&edge=true&lang=en'],,2017-10-26-16:34,Assad Syrian regime attack,https://twitter.com/BBCBreaking/status/923653855040110594,,,,
2232,Crime recorded by police in England and Wales rose 13% year-on-year. Violent crime increased 19% - figures show,TRUE,['https://twitter.com/i/cards/tfw/v1/920934159429890048?cardname=summary_large_image&autoplay_disabled=true&earned=true&edge=true&lang=en'],,2017-10-19-04:28,crime rise violent increase,https://twitter.com/BBCBreaking/status/920934159429890048,,,,
2233,"Spain is to start suspending Catalonia's autonomy on Saturday, after its leader threatened to declare independence",TRUE,['https://twitter.com/i/cards/tfw/v1/920931045423435776?cardname=summary_large_image&autoplay_disabled=true&earned=true&edge=true&lang=en'],,2017-10-19-04:05,Spain suspend Catalonia's autonomy ,https://twitter.com/BBCBreaking/status/920931045423435776,,,,
2234,Spanish judge orders detention of two Catalan pro-independence leaders accused of sedition,TRUE,['https://twitter.com/i/cards/tfw/v1/920011589390127104?cardname=summary_large_image&autoplay_disabled=true&earned=true&edge=true&lang=en'],,2017-10-16-15:30,Spaish Catalan pro-independece accuse,https://twitter.com/BBCBreaking/status/920011589390127104,,,,
2235,British IS recruiter Sally Jones reportedly killed in drone strike in Syria in June,TRUE,['https://twitter.com/i/cards/tfw/v1/918391486282190848?cardname=summary_large_image&autoplay_disabled=true&earned=true&edge=true&lang=en'],,2017-10-12-04:47,Sally Jones killed strike,https://twitter.com/BBCBreaking/status/918391486282190848,,,,
2236,"Police: Incident near Natural History Museum in London, in which 11 people were hurt, was not terror-related",TRUE,['https://twitter.com/i/cards/tfw/v1/916663410468810752?cardname=summary_large_image&autoplay_disabled=true&forward=true&earned=true&edge=true&lang=en'],,2017-10-07-13:24,incident museum London 11,https://twitter.com/BBCBreaking/status/916663410468810752,,,,
2237,"US pro-gun group the NRA calls for ""additional regulations"" on rapid fire tools in wake of Las Vegas shootings",TRUE,['https://twitter.com/i/cards/tfw/v1/916007259787931651?cardname=summary_large_image&autoplay_disabled=true&earned=true&edge=true&lang=en'],,2017-10-05-14:43,NRA additional regulations Vegas,https://twitter.com/BBCBreaking/status/916007259787931651,,,,
2238,"At least 58 people confirmed dead and 515 injured after #LasVegas shooting, police say",TRUE,['https://twitter.com'],,2017-10-02-11:07,dead injured LasVegas shooting,https://twitter.com/BBCBreaking/status/914878373045981184,,,,
2239,More than 20 people dead & at least 100 injured in #LasVegas shooting - police,TRUE,['https://twitter.com'],,2017-10-02-04:40,dead injured LasVegas shooting,https://twitter.com/BBCBreaking/status/914772106289836032,,,,
2240,"More than 760 reported injured in Catalonia, as Spain PM criticises ""illegal"" independence referendum",TRUE,['https://twitter.com/i/cards/tfw/v1/914558632309739521?cardname=summary_large_image&autoplay_disabled=true&earned=true&edge=true&lang=en'],,2017-10-01-14:24,injured Catalonia Spain independence,https://twitter.com/BBCBreaking/status/914558632309739521,,,,
2241,"Playboy founder Hugh Hefner has died aged 91, the publication has announced",TRUE,['https://twitter.com/i/cards/tfw/v1/913244219598360577?cardname=summary_large_image&autoplay_disabled=true&earned=true&edge=true&lang=en'],,2017-09-27-23:23,Playboy Hugh Hefner died,https://twitter.com/BBCBreaking/status/913244219598360577,,,,
2242,Saudi Arabia's King Salman issues an order allowing women to be given driving licences - state media,TRUE,['https://twitter.com/i/cards/tfw/v1/912756201787727875?cardname=summary_large_image&autoplay_disabled=true&earned=true&edge=true&lang=en'],,2017-09-26-15:11,Arabia issue allow driving ,https://twitter.com/BBCBreaking/status/912756201787727875,,,,
2243,"US expands its controversial travel ban to include people from North Korea, Venezuela and Chad",TRUE,['https://twitter.com/i/cards/tfw/v1/912102116373692417?cardname=summary_large_image&autoplay_disabled=true&earned=true&edge=true&lang=en'],,2017-09-24-19:05,US expand travel ban,https://twitter.com/BBCBreaking/status/912102116373692417,,,,
2244,"Germany's Angela Merkel speaks of ""extraordinary challenge"" and vows to listen to nationalist voters' concerns",TRUE,['https://twitter.com/i/cards/tfw/v1/911998503198568450?cardname=summary_large_image&autoplay_disabled=true&earned=true&edge=true&lang=en'],,2017-09-24-12:21,Merkel challenge nationalist voter,https://twitter.com/BBCBreaking/status/911998503198568450,,,,
2245,"Six believed hurt after reports a group was spraying 'noxious substance' in Westfield shopping centre, east London",TRUE,['https://twitter.com/i/cards/tfw/v1/911690852447158278?cardname=summary_large_image&autoplay_disabled=true&earned=true&edge=true&lang=en'],,2017-09-23-16:52,six hurt spraing Westfield,https://twitter.com/BBCBreaking/status/911690852447158278,,,,
2246,"Trump insults make it ""inevitable"" that North Korean rockets will hit US mainland, North's foreign minister tells UN",TRUE,['https://twitter.com/i/cards/tfw/v1/911664379317424133?cardname=summary_large_image&autoplay_disabled=true&earned=true&edge=true&lang=en'],,2017-09-23-14:40,Trump insults inevitable rockets,https://twitter.com/BBCBreaking/status/911664379317424133,,,,
2247,"Ride-hailing app Uber ""not fit and proper"" to operate in London, transport regulator says",TRUE,['https://twitter.com/i/cards/tfw/v1/911170464764002307?cardname=summary_large_image&autoplay_disabled=true&earned=true&edge=true&lang=en'],,2017-09-22-06:02,Uver not fit London,https://twitter.com/BBCBreaking/status/911170464764002307,,,,
2248,Spanish police arrest Catalan minister involved in planning for banned independence vote,TRUE,['https://twitter.com/i/cards/tfw/v1/910409775795535872?cardname=summary_large_image&autoplay_disabled=true&earned=true&edge=true&lang=en'],,2017-09-20-03:19,Spanish arrest Catalan independece ,https://twitter.com/BBCBreaking/status/910409775795535872,,,,
2249,"Strong earthquake of magnitude 7.4 hits southern Mexico, rattling buildings in Mexico City",TRUE,['https://twitter.com/i/cards/tfw/v1/910209941272702978?cardname=summary_large_image&autoplay_disabled=true&earned=true&edge=true&lang=en'],,2017-09-19-14:15,earthquake magnitude 7.4 Mexico,https://twitter.com/BBCBreaking/status/910209941272702978,,,,
2250,"Wayne Rooney given two-year driving ban, and community order for 12 months with 100 hours of unpaid work",TRUE,['https://twitter.com/i/cards/tfw/v1/909712123567181824?cardname=summary_large_image&autoplay_disabled=true&forward=true&earned=true&edge=true&lang=en'],,2017-09-18-05:49,Wayne Rooney two-year ban,https://twitter.com/BBCBreaking/status/909712123567181824,,,,
2251,"18-year-old man arrested by Kent Police in Dover in connection with Tube bombing in London on Friday, police say",TRUE,['https://twitter.com/i/cards/tfw/v1/908990520856326144?cardname=summary_large_image&autoplay_disabled=true&earned=true&edge=true&lang=en'],,2017-09-16-05:43,18-year-old arrested Kent bombing,https://twitter.com/BBCBreaking/status/908990520856326144,,,,
2252,So-called Islamic State claims responsibility for explosion on a London Tube train that left 29 people injured,TRUE,['https://twitter.com/i/cards/tfw/v1/908637955484475393?cardname=summary_large_image&autoplay_disabled=true&forward=true&earned=true&edge=true&lang=en'],,2017-09-15-15:49,Islamic Statee responsibility explosion,https://twitter.com/BBCBreaking/status/908637955484475393,,,,
2253,"Rohingya Muslims in Myanmar are facing a ""catastrophic"" humanitarian situation, UN secretary general says",TRUE,['https://twitter.com/i/cards/tfw/v1/908001726116102144?cardname=summary_large_image&autoplay_disabled=true&earned=true&edge=true&lang=en'],,2017-09-13-12:36,Muslim Myanmar catastrophic humanitarian,https://twitter.com/BBCBreaking/status/908001726116102144,,,,
2254,"Myanmar's security operation against Muslim Rohingyas ""seems a textbook example of ethnic cleansing"", UN says",TRUE,['https://twitter.com/i/cards/tfw/v1/907153699805564928?cardname=summary_large_image&autoplay_disabled=true&earned=true&edge=true&lang=en'],,2017-09-11-04:50,Myanmar security against Muslim,https://twitter.com/BBCBreaking/status/907153699805564928,,,,
2255,"Earthquake of magnitude eight strikes off the Pacific coast of Mexico, rattling buildings in the capital",TRUE,['https://twitter.com/i/cards/tfw/v1/906021854783062016?cardname=summary_large_image&autoplay_disabled=true&earned=true&edge=true&lang=en'],,2017-09-08-01:17,Earthquake Pacific Mexiico rattling,https://twitter.com/BBCBreaking/status/906021854783062016,,,,
2256,Top EU court upholds Brussels' right to force member states to take quota of asylum seekers,TRUE,['https://twitter.com/i/cards/tfw/v1/905338218287173632?cardname=summary_large_image&autoplay_disabled=true&earned=true&edge=true&lang=en'],,2017-09-06-03:46,EU court uphold Brussel,https://twitter.com/BBCBreaking/status/905338218287173632,,,,
2257,"Duke and Duchess of Cambridge expecting their third child, Kensington Palace announces",TRUE,['https://twitter.com/i/cards/tfw/v1/904635162205593600?cardname=summary_large_image&autoplay_disabled=true&earned=true&edge=true&lang=en'],,2017-09-04-05:04,Duchess Cambridge expect third,https://twitter.com/BBCBreaking/status/904635162205593600,,,,
2258,"Walter Becker, co-founder and guitarist for the US band Steely Dan, has died aged 67",TRUE,['https://twitter.com'],,2017-09-03-11:21,Walter Becker died 67,https://twitter.com/BBCBreaking/status/904360927323140099,,,,
2259,Two officers injured as a man is held on suspicion of GBH and assault on police outside Buckingham Palace,TRUE,['https://twitter.com/i/cards/tfw/v1/901178527202127874?cardname=summary_large_image&autoplay_disabled=true&earned=true&edge=true&lang=en'],,2017-08-25-16:38,injure suspicion GBH assault ,https://twitter.com/BBCBreaking/status/901178527202127874,,,,
2260,"Man shot in the centre of Brussels after attacking soldiers with a machete, reports from Belgium say",TRUE,['https://twitter.com/i/cards/tfw/v1/901165027981447169?cardname=summary_large_image&autoplay_disabled=true&earned=true&edge=true&lang=en'],,2017-08-25-15:00,shot Brussel attacking soldiers,https://twitter.com/BBCBreaking/status/901165027981447169,,,,
2261,Ten sailors are missing and five injured after warship USS John McCain hits oil tanker off Singapore,TRUE,['https://twitter.com/i/cards/tfw/v1/899450793358757888?cardname=summary_large_image&autoplay_disabled=true&earned=true&edge=true&lang=en'],,2017-08-20-21:14,sailors missing warship Singapore,https://twitter.com/BBCBreaking/status/899450793358757888,,,,
2262,"Entertainer Jerry Lewis, one of Hollywood's most successful comedians, has died aged 91, US media report",TRUE,['https://twitter.com/i/cards/tfw/v1/899329487891988481?cardname=summary_large_image&autoplay_disabled=true&earned=true&edge=true&lang=en'],,2017-08-20-13:13,Jerry Lewis comedian died,https://twitter.com/BBCBreaking/status/899329487891988481,,,,
2263,"Van ploughs into crowds in Ramblas tourist area in Barcelona, several injured, Spanish police say",TRUE,['https://twitter.com/i/cards/tfw/v1/898202844993552388?cardname=summary_large_image&autoplay_disabled=true&earned=true&edge=true&lang=en'],,2017-08-17-11:20,Van plough Ramblas Barcelona,https://twitter.com/BBCBreaking/status/898202844993552388,,,,
2264,"10-year-old rape victim, who was not allowed to have abortion by Indian Supreme Court, delivers baby girl",TRUE,['https://twitter.com/i/cards/tfw/v1/898116846133665792?cardname=summary_large_image&autoplay_disabled=true&earned=true&edge=true&lang=en'],,2017-08-17-05:36,rape not abortion Indian,https://twitter.com/BBCBreaking/status/898116846133665792,,,,
2265,"Car driven deliberately into pizzeria in France, killing child, 8, and injuring several others, French TV reports",TRUE,['https://twitter.com/i/cards/tfw/v1/897187926832017408?cardname=summary_large_image&autoplay_disabled=true&earned=true&edge=true&lang=en'],,2017-08-14-16:25,deliberately pizzeria Fance kill,https://twitter.com/BBCBreaking/status/897187926832017408,,,,
2266,"White suprematist James Fields, accused of killing woman in Charlottesville car-ramming incident, denied bail",TRUE,['https://twitter.com/i/cards/tfw/v1/897105837768015877?cardname=summary_large_image&autoplay_disabled=true&earned=true&edge=true&lang=en'],,2017-08-14-10:13,James Fields accused kill,https://twitter.com/BBCBreaking/status/897105837768015877,,,,
2267,"One dead amid clashes between US white nationalists and counter-protesters in Charlottesville, Virginia, mayor says",TRUE,['https://twitter.com/i/cards/tfw/v1/896454896001667074?cardname=summary_large_image&autoplay_disabled=true&earned=true&edge=true&lang=en'],,2017-08-12-15:37,one dead nationalists Charlottesville,https://twitter.com/BBCBreaking/status/896454896001667074,,,,
2268,"Police hunting jogger who appeared to push woman into path of a bus in Putney, London, arrest 41-year-old man",TRUE,['https://twitter.com/i/cards/tfw/v1/895630159923085312?cardname=summary_large_image&autoplay_disabled=true&earned=true&edge=true&lang=en'],,2017-08-10-08:24,hunt jogger push woman,https://twitter.com/BBCBreaking/status/895630159923085312,,,,
2269,'Rhinestone Cowboy' singer Glen Campbell dies at the age of 81,TRUE,['https://twitter.com/i/cards/tfw/v1/895020807411425280?cardname=summary_large_image&autoplay_disabled=true&earned=true&edge=true&lang=en'],,2017-08-08-16:03,Glen Campbell die 81,https://twitter.com/BBCBreaking/status/895020807411425280,,,,
2270,"Michelle Carter, sentenced to 2.5 years over death of Conrad Roy, whom she texted urging him to take his own life",TRUE,['https://twitter.com/i/cards/tfw/v1/893187996744286212?cardname=summary_large_image&autoplay_disabled=true&earned=true&edge=true&lang=en'],,2017-08-03-15:07,Michelle Carter sentece Conrad,https://twitter.com/BBCBreaking/status/893187996744286212,,,,
2271,"Actor Robert Hardy, star of TV series All Creatures Great and Small & Harry Potter films, dies aged 91",TRUE,['https://twitter.com/i/cards/tfw/v1/893127376556765184?cardname=summary_large_image&autoplay_disabled=true&forward=true&earned=true&edge=true&lang=en'],,2017-08-03-11:52,Robert Hardy die 91,https://twitter.com/BBCBreaking/status/893126780764254208,,,,
2272,"Man who killed one person and injured six in Hamburg supermarket knife attack was ""known Islamist"", police say",TRUE,['https://twitter.com/i/cards/tfw/v1/891241648981770241?cardname=summary_large_image&autoplay_disabled=true&earned=true&edge=true&lang=en'],,2017-07-29-06:02,man kill Hamburg supermaket,https://twitter.com/BBCBreaking/status/891241648981770241,,,,
2273,"Parents of baby Charlie Gard, who fought a legal battle over his treatment, say their 'beautiful boy' has died.",TRUE,['https://twitter.com/i/cards/tfw/v1/890986765854683136?cardname=summary_large_image&autoplay_disabled=true&earned=true&edge=true&lang=en'],,2017-07-28-13:13,parents Charlie Gard died,https://twitter.com/BBCBreaking/status/890986765854683136,,,,
2274,Police say there are grounds for corporate manslaughter charges over the Grenfell Tower fire that killed at least 80,TRUE,['https://twitter.com/i/cards/tfw/v1/890624407563108353?cardname=summary_large_image&autoplay_disabled=true&earned=true&edge=true&lang=en'],,2017-07-27-13:20,police corporate manslaughter Grenfell,https://twitter.com/BBCBreaking/status/890624407563108353,,,,
2275,"Charlie Gard's mother says Great Ormond Street Hospital ""denied us our final wish"" over baby's last days",TRUE,['https://twitter.com/i/cards/tfw/v1/890592736495243265?cardname=summary_large_image&autoplay_disabled=true&forward=true&earned=true&edge=true&lang=en'],,2017-07-27-13:16,Charlie mother Ormond denied,https://twitter.com/BBCBreaking/status/890592736495243265,,,,
2276,Judge formally approves plan for terminally-ill Charlie Gard to be moved to hospice and have life support withdrawn,TRUE,['https://twitter.com/i/cards/tfw/v1/890592736495243265?cardname=summary_large_image&autoplay_disabled=true&earned=true&edge=true&lang=en'],,2017-07-27-11:29,judge approve terminally-ill Charlie,https://twitter.com/BBCBreaking/status/890592736495243265,,,,
2277,Three Israelis stabbed to death in West Bank attack,TRUE,['https://twitter.com/i/cards/tfw/v1/888506319120019457?cardname=summary_large_image&autoplay_disabled=true&earned=true&edge=true&lang=en'],,2017-07-21-17:48,Israelis stabbed death West,https://twitter.com/BBCBreaking/status/888506319120019457,,,,
2278,"Sixteen-year-old boy arrested over five acid attacks in London on Thursday charged with 15 offences, police say",TRUE,['https://twitter.com/i/cards/tfw/v1/886322696665128961?cardname=summary_large_image&autoplay_disabled=true&earned=true&edge=true&lang=en'],,2017-07-15-16:52,sixteen-year-old arrested five attacks,https://twitter.com/BBCBreaking/status/886322696665128961,,,,
2279,"Trillion-tonne iceberg breaks off Antarctica, say scientists who have monitored the growing crack for months",TRUE,['https://twitter.com/i/cards/tfw/v1/885080584304947200?cardname=summary_large_image&autoplay_disabled=true&earned=true&edge=true&lang=en'],,2017-07-12-06:09,iceberg breaks Antarctica growing,https://twitter.com/BBCBreaking/status/885080584304947200,,,,
2280,IRA member Michael Hayes says he was part of group responsible for 1974 Birmingham bombs; apologises for 21 deaths,TRUE,['https://twitter.com'],,2017-07-10-12:49,IRA Michael Hayes apologises,https://twitter.com/BBCBreaking/status/884442295101263873,,,,
2281,"UK government arms sales to Saudi Arabia are lawful, the High Court rules, after seeing secret evidence",TRUE,['https://twitter.com/i/cards/tfw/v1/884349392072953856?cardname=summary_large_image&autoplay_disabled=true&earned=true&edge=true&lang=en'],,2017-07-10-05:40,UK sale Arabia lawful,https://twitter.com/BBCBreaking/status/884349392072953856,,,,
2282,"Six-year-old Bradley Lowery, whose battle with illness touched many, dies after fight with neuroblastoma ",TRUE,['https://twitter.com'],,2017-07-07-10:50,Bradley Liwery die neuroblastoma,https://twitter.com/BBCBreaking/status/883337516727795712,,,,
2283,"European Union and Japan conclude landmark free trade deal in Brussels, EU officials announce",TRUE,['https://twitter.com/i/cards/tfw/v1/882908305571667968?cardname=summary_large_image&autoplay_disabled=true&earned=true&edge=true&lang=en'],,2017-07-06-06:18,Union Japan landmark deal,https://twitter.com/BBCBreaking/status/882908305571667968,,,,
2284,A drone flying close to Gatwick airport closes the runway and causes at least one flight to be diverted,TRUE,['https://twitter.com/i/cards/tfw/v1/881582033566408704?cardname=summary_large_image&autoplay_disabled=true&earned=true&edge=true&lang=en'],,2017-07-02-14:10,drone Gatwick close diverted,https://twitter.com/BBCBreaking/status/881582033566408704,,,,
2285,Several casualties reported after gunman opens fire inside hospital in New York's Bronx district,TRUE,['https://twitter.com/i/cards/tfw/v1/880869696366673920?cardname=summary_large_image&autoplay_disabled=true&earned=true&edge=true&lang=en'],,2017-06-30-15:36,casualties gunman fire hospital,https://twitter.com/BBCBreaking/status/880869696366673920,,,,
2286,Parents of terminally-ill baby Charlie Gard are being allowed to spend more time with son?,TRUE,['https://twitter.com/i/cards/tfw/v1/880812946296889344?cardname=summary_large_image&autoplay_disabled=true&earned=true&edge=true&lang=en'],,2017-06-30-11:05,parent Charlie Gard allowed,https://twitter.com/BBCBreaking/status/880812946296889344,,,,
2287,German MPs vote by clear majority to legalise same-sex marriage,TRUE,['https://twitter.com/i/cards/tfw/v1/880685727209619460?cardname=summary_large_image&autoplay_disabled=true&earned=true&edge=true&lang=en'],,2017-06-30-03:34,German MPs vote same-sex,https://twitter.com/BBCBreaking/status/880685727209619460,,,,
2288,Google fined record 2.42bn euros ($2.72bn) by European Commission for illegally favouring its own shopping service,TRUE,['https://twitter.com/i/cards/tfw/v1/879638544725225472?cardname=summary_large_image&autoplay_disabled=true&earned=true&edge=true&lang=en'],,2017-06-27-05:26,Google fine European Commission,https://twitter.com/BBCBreaking/status/879638544725225472,,,,
2289,"Some 22 million Americans could lose insurance under Senate bill to replace Obamacare, congressional report says",TRUE,['https://twitter.com/i/cards/tfw/v1/879437694170013699?cardname=summary_large_image&autoplay_disabled=true&earned=true&edge=true&lang=en'],,2017-06-26-16:20,Americans lose insurance Senate,https://twitter.com/BBCBreaking/status/879437694170013699,,,,
2290,"PM Theresa May tells EU leaders any EU citizen living in UK for five years will be given ""settled EU status""",TRUE,['https://twitter.com/i/cards/tfw/v1/877978577991376897?cardname=summary_large_image&autoplay_disabled=true&earned=true&edge=true&lang=en'],,2017-06-22-15:19,Theresa EU five settle,https://twitter.com/BBCBreaking/status/877978577991376897,,,,
2291,"Sixty-eight apartments in luxury block near site of Grenfell Tower acquired to house fire survivors, government says",TRUE,['https://twitter.com/i/cards/tfw/v1/877506665872011264?cardname=summary_large_image&autoplay_disabled=true&earned=true&edge=true&lang=en'],,2017-06-21-08:07,sixty-eight apartments Grenfell ,https://twitter.com/BBCBreaking/status/877506665872011264,,,,
2292,Brussels central station evacuated after reports of explosion - Belgian police say situation under control,TRUE,['https://twitter.com/i/cards/tfw/v1/877246076536881152?cardname=summary_large_image&autoplay_disabled=true&earned=true&edge=true&lang=en'],,2017-06-20-15:37,Brussel evacuate explosion Belgian,https://twitter.com/BBCBreaking/status/877246076536881152,,,,
2293,"Four UK ministers were warned about tower block fire risks, in leaked letters seen by the BBC",TRUE,['https://twitter.com/i/cards/tfw/v1/876895239583215616?cardname=summary_large_image&autoplay_disabled=true&earned=true&edge=true&lang=en'],,2017-06-19-16:31,UK ministers warned fire,https://twitter.com/BBCBreaking/status/876895239583215616,,,,
2294,"Man arrested on suspicion of carrying out #FinsburyPark attack is Darren Osborne, 47, from Cardiff, BBC understands",TRUE,['https://twitter.com/i/cards/tfw/v1/876841983934967808?cardname=summary_large_image&autoplay_disabled=true&earned=true&edge=true&lang=en'],,2017-06-19-12:54,suspicion FinsburyPark attack Darren ,https://twitter.com/BBCBreaking/status/876841983934967808,,,,
2295,"One dead and eight hurt in London mosque van attack, which is being investigated by counter-terror police",TRUE,['https://twitter.com/i/cards/tfw/v1/876650708484980738?cardname=summary_large_image&autoplay_disabled=true&earned=true&edge=true&lang=en'],,2017-06-18-23:50,dead hurt London mosque,https://twitter.com/BBCBreaking/status/876650708484980738,,,,
2296,Photos obtained by the BBC show the inside of a flat in #GrenfellTower today,TRUE,['https://twitter.com'],,2017-06-15-09:37,show inside flat GrenfellTower,https://twitter.com/BBCBreaking/status/875340518967869440,,,,
2297,"West London fire: People still trapped, fears that building might collapse ",TRUE,['https://twitter.com'],,2017-06-14-01:55,west London fire trapped,https://twitter.com/BBCBreaking/status/874856402963058688,,,,
2298,A US appeals court has upheld a decision blocking President Trump¡¯s revised ¡®travel ban¡¯,TRUE,['https://twitter.com/i/cards/tfw/v1/874313978654203904?cardname=summary_large_image&autoplay_disabled=true&earned=true&edge=true&lang=en'],,2017-06-12-13:31,appeals upheld decision blocking,https://twitter.com/i/cards/tfw/v1/874313978654203904?cardname=summary_large_image&autoplay_disabled=true&earned=true&edge=true&lang=en,,,,
2299,"Scottish Episcopal Church votes to allow same-sex marriage, becoming the first Anglican Church in the UK to do so",TRUE,['https://twitter.com/i/cards/tfw/v1/872844528750927873?cardname=summary_large_image&autoplay_disabled=true&earned=true&edge=true&lang=en'],,2017-06-08-11:26,Scottish vote allow same-sex,https://twitter.com/BBCBreaking/status/872844528750927873,,,,
2300,South Korea says Kim Jong Un will shut down nuclear test site in May and invite US experts and journalists into North Korea ,TRUE,['https://pbs.twimg.com/media/Db67pB7XcAAgFo2.jpg'],,2018-04-28T00:00:00+00:00,Kim Jong Un shut nuclear,https://twitter.com/cnnbrk/status/990435344549142537,,,,
2301,North and South Korea vow to end the Korean War in historic accord,TRUE,['https://pbs.twimg.com/card_img/1022853817161805824/98TfkpF1?format=jpg&name=600x314'],,2018-04-27T00:00:00+00:00,North South Korea historic accord,https://twitter.com/cnnbrk/status/989793261278715904,,,,
2302,"The man suspected of killing 4 people at a Waffle House had a gun with him when he was arrested, police in Tennessee say",TRUE,['https://pbs.twimg.com/media/DbfgazaV0AACaHm.jpg'],,2018-04-23T00:00:00+00:00,Waffle House killer arrested,https://twitter.com/cnnbrk/status/988505626518151175,,,,
2303,A Texas charter school gave eighth-grade students a homework assignment to list positive aspects of slavery. The school has since apologized.,TRUE,['https://pbs.twimg.com/media/DbRWt8eW0AMNkwu.jpg'],,2018-04-20T00:00:00+00:01,Texas charter school slavery,https://twitter.com/cnnbrk/status/987509598092517376,,,,
2304,"Students are leading marches around the country, demanding stricter gun laws and honoring the 17 people killed in the Parkland high school shooting. Watch live on",TRUE,['https://pbs.twimg.com/media/DZD0IWRWsAEF3J5.jpg'],,2018-03-24T00:00:00+00:02,student gun law  Parkland high school,https://twitter.com/cnnbrk/status/977549548271931392,,,,
2305,A French police officer who asked a gunman to let him take the place of a hostage in a supermarket attack has died.,TRUE,['https://pbs.twimg.com/media/DZCLK1-U0AA7mxk.jpg'],,2018-03-23T00:00:00+00:03,French police officer supermarket hostage,https://twitter.com/cnnbrk/status/977434678490730496,,,,
2306,Students at multiple Florida schools are walking out of class to show support for the survivors of the Parkland shooting ,TRUE,['https://pbs.twimg.com/media/DWkm4dRV4AEOS25.jpg'],,2018-02-21T00:00:00+00:04,student Florida Parland,https://twitter.com/cnnbrk/status/966346404351311873,,,,
2307,The underdog Philadelphia Eagles stun the New England Patriots with a 41-33 win to capture the city's first Super Bowl,TRUE,['https://pbs.twimg.com/media/DVPbvMHWkAIFQo6.jpg'],,2018-02-04T00:00:00+00:05,Philadelphia Eagle first Super Bowl,https://twitter.com/cnnbrk/status/960352777577947141,,,,
2308,Turkish border guards are shooting indiscriminately at Syrians fleeing violence and trying to seek refuge in Turkey,TRUE,['https://pbs.twimg.com/card_img/1025380703008157696/_Y63xzUN?format=jpg&name=600x314'],,2018-04-23T00:00:00+00:06,Turkish guard shoot Syrian,https://twitter.com/cnnbrk/status/959877154170441729,,,,
2309,Image shows van suspected of being involved in #LondonBridge terror incident ,TRUE,['https://pbs.twimg.com/media/DBcKyhsW0AAg2a5.jpg'],,2017-06-03T00:00:00+00:06,van LondonBridge terror,https://twitter.com/BBCBreaking/status/871154494532407297,,,,
2310,"Cher speaks at the Women's March in Las Vegas, saying this is ""one of the worst times in our history"" and that women have the power to make things right",TRUE,['https://pbs.twimg.com/media/DUHBWzxVAAADPX-.jpg'],,2018-01-21T00:00:00+00:05,Cher Women's March worst,https://twitter.com/cnnbrk/status/955257240868589568,,,,
2311,"Clock strikes midnight as Democrats and Republicans can't agree on a spending bill, causing the first government shutdown since 2013",TRUE,['https://pbs.twimg.com/media/DT9ZC3fX0AA_yGx.jpg'],,2018-01-19T00:00:00+00:06,democrat republican bill shutdown,https://twitter.com/cnnbrk/status/954579855672332288,,,,
2312,"Fire destroyed the home of a woman who accused Roy Moore of grabbing her buttocks, and it's being investigated as arson",TRUE,['https://pbs.twimg.com/media/DS0m7vPX0AAl94i.jpg'],,2018-01-05T00:00:00+00:07,fire Roy Moore buttock,https://twitter.com/cnnbrk/status/949457992428261376,,,,
2313,"A fire was reported at Bill and Hillary Clinton's New York home, but the fire is out and nobody was injured",TRUE,['https://pbs.twimg.com/media/DSpQZKhWAAE2jho.jpg'],,2018-01-03T00:00:00+00:08,fire hillary new york,https://twitter.com/cnnbrk/status/948659085980962817,,,,
2314,ISIS claims responsibility for Egypt attack on minority Coptic Christians that left nine dead at a church near Cairo,TRUE,['https://pbs.twimg.com/media/DSPvhnmU8AE0Jg6.jpg'],,2017-12-29T00:00:00+00:09,ISIS Egypt attack Christian,https://twitter.com/cnnbrk/status/946863723058290694,,,,
2315,NYC bomb suspect Akayed Ullah told investigators that Israeli actions in Gaza motivated his attack,TRUE,['https://pbs.twimg.com/media/DQykAyyUIAAOaSI.jpg'],,2017-12-11T00:00:00+00:10,NYC bomb Israeli,https://twitter.com/cnnbrk/status/940306830575751168,,,,
2316,US skier Lindsey Vonn pulls out of race in St. Moritz after suffering back injury ,TRUE,['https://pbs.twimg.com/media/DQsDKjFWsAAo_U3.jpg'],,2017-12-10T00:00:00+00:11,Lindsey Vonn St. Moritz injury,https://twitter.com/cnnbrk/status/939849368068345857,,,,
2317,Senate tax plan contains provision to open Alaskan wilderness to oil drilling. ,TRUE,['https://pbs.twimg.com/media/DQKTa4RUEAAmg_N.jpg'],,2017-12-03T00:00:00+00:12,Senate tax Alaskan wilderness,https://twitter.com/cnnbrk/status/937473938099228672,,,,
2318,Air Force didn't enter Texas gunman's domestic violence conviction into a federal database that gun sellers check ,TRUE,['https://pbs.twimg.com/media/DN_L5j7VwAAPcco.jpg'],,2017-11-07T00:00:00+00:13,Air Force Texas gunman,https://twitter.com/cnnbrk/status/927685236980412417,,,,
2319,The FBI is on the scene of a church shooting in Texas. A witness heard about 20 shots fired during Sunday's service.,TRUE,['https://pbs.twimg.com/media/DN5GsGVVoAA-XWJ.jpg'],,2017-11-05T00:00:00+00:14,FBI church shooting Texas,https://twitter.com/cnnbrk/status/927256310940348417,,,,
2320,Several Houston Texans took a knee during the National Anthem after controversial comments made by owner Bob McNair ,TRUE,['https://pbs.twimg.com/media/DNVuytYVoAEath9.jpg'],,2017-10-29T00:00:00+00:15,Houston Texan knee National Anthem,https://twitter.com/cnnbrk/status/924767278280986625,,,,
2321,5 teens charged with second-degree murder after being accused of throwing a rock off an overpass that killed a man,TRUE,['https://pbs.twimg.com/media/DM3dYlFUEAA401l.jpg'],,2017-10-23T00:00:00+00:16,teens second-degree murder rock,https://twitter.com/cnnbrk/status/922636930742996992,,,,
2322,Water from a federally designated hazardous-waste site is being pumped to people in Puerto Rico,TRUE,['https://pbs.twimg.com/card_img/1024499700123066368/ud_Dd_eG?format=jpg&name=600x314'],,2017-10-13T00:00:00+00:17,Puerto Rico hazardous-waste water ,https://twitter.com/cnnbrk/status/919046481751035904,,,,
2323,The family of one of the 58 people killed in the Las Vegas massacre is asking for the shooter's assets to be seized,TRUE,['https://pbs.twimg.com/media/DLjYL6gXUAEui74.jpg'],,2017-10-07T00:00:00+00:18,shooter family Las Vegas massacre,https://twitter.com/cnnbrk/status/916720226083000320,,,,
2324,"Mayweather defeats McGregor via 10th round technical knockout, becoming first boxer to reach 50 fights undefeated",TRUE,['https://pbs.twimg.com/card_img/1026492235351711745/R5Z74lHo?format=jpg&name=600x314'],,2017-08-26T00:00:00+00:19,Mayweather McGregor 50,https://twitter.com/cnnbrk/status/901671021450862592,,,,
2325,"Controversial rally in Boston has ended, police say. At least 8 arrested on what was a mostly peaceful day.",TRUE,['https://pbs.twimg.com/media/DHnNH16UAAAYFXZ.jpg'],,2017-08-19T00:00:00+00:20,rally Boston 8 arrest,https://twitter.com/cnnbrk/status/898975185000427520,,,,
2326,Four Confederate monuments were taken down in Baltimore overnight as result of a city council vote,TRUE,['https://pbs.twimg.com/media/DHWplBBV0AQrqiI.jpg'],,2017-08-16T00:00:00+00:21,four monument take down Baltimore,https://twitter.com/cnnbrk/status/898975185000427520,,,,
2327,"James Alex Fields Jr., 20, held on suspicion of 2nd-degree murder in car crash in Charlottesville, VA",TRUE,['https://pbs.twimg.com/media/DHEkFtuUIAAWPic.jpg'],,2017-08-12T00:00:00+00:22,James Alex murder Charlottesville,https://twitter.com/cnnbrk/status/896537847343304705,,,,
2328,Local police declare emergency after violent clashes at white nationalists march in Charlottesville.,TRUE,['https://pbs.twimg.com/media/DHCl3tAUAAAdG2a.jpg'],,2017-08-12T00:00:00+00:23,emergency white nationalist Charlottesville,https://twitter.com/cnnbrk/status/896399488788688897,,,,
2329,"Village elders in Pakistan ordered the rape of a girl, 17, after her brother was accused of raping another girl.",TRUE,['https://pbs.twimg.com/media/DFuR50TV0AAKL_S.jpg'],,2017-07-26T00:00:00+00:24,Pakistan rape brother,https://twitter.com/cnnbrk/status/890465898552840193,,,,
2330,Police in Saudi Arabia say a woman who appeared in a viral video wearing a miniskirt has been detained,TRUE,['https://pbs.twimg.com/media/DFBzwBDVwAEDKXd.jpg'],,2017-07-18T00:00:00+00:25,Saudi Arabia miniskirt detain,https://twitter.com/cnnbrk/status/887336434092388352,,,,
2331,"UK Prime Minister Theresa May says ""terrible incident"" in London being treated as ""potential act of terrorism""",TRUE,['https://pbs.twimg.com/card_img/1026553983568101376/6_eUuEQ5?format=jpg&name=600x314'],,2017-06-03T00:00:00+00:26,Theresa May London terrorism,https://twitter.com/BBCBreaking/status/871149120764997632,,,,
2332,"German music festival Rock am Ring evacuated over possible ""terrorist threat""",TRUE,['https://pbs.twimg.com/card_img/1026722463856709632/2AVNT_Ak?format=jpg&name=600x314'],,2017-06-02T00:00:00+00:27,German Rock am Ring terrorist threat,https://twitter.com/BBCBreaking/status/870734771529428992,,,,
2333,"Golf star Tiger Woods has been arrested on a drink-driving charge in Florida, police say",TRUE,['https://pbs.twimg.com/card_img/1024449528596840448/1iIZquUL?format=jpg&name=600x314'],,2017-05-29T00:00:00+00:28,Tiger Woods drink-driving Florida,https://twitter.com/BBCBreaking/status/869217415758045189,,,,
2334,More than 100 Iraqi civilians were killed by US air strike and blast in Mosul in March,TRUE,['https://pbs.twimg.com/card_img/1026010832650395648/Pk5pShLL?format=jpg&name=600x314'],,2017-05-29T00:00:00+00:29,Iraqi civilian US air strikes,https://twitter.com/BBCBreaking/status/867767165990035461,,,,
2335,Greater Manchester Police have stopped passing information on bomb probe to US after leaks to US media,TRUE,['https://pbs.twimg.com/card_img/1025291576807833600/UxoAiOKZ?format=jpg&name=600x314'],,2017-05-25T00:00:00+00:30,Greater Manchester Police bomb probe US leak,https://twitter.com/BBCBreaking/status/867637067026747392,,,,
2336,Chelsea Manning who was behind one of the biggest intelligence leaks in US history has been released from prison,TRUE,['https://pbs.twimg.com/media/DABdZHEXkAAtrIo.jpg'],,2017-05-17T00:00:00+00:31,Chelsea Manning intelligence leak prison,https://twitter.com/BBCBreaking/status/864793817496596480,,,,
2337,"President Trump defends ""right"" to share secrets after reports he disclosed classified information to Russians",TRUE,['https://pbs.twimg.com/card_img/1023336558395502592/fDAQSLMX?format=jpg&name=600x314'],,2017-05-16T00:00:00+00:32,trump defend russia,https://twitter.com/BBCBreaking/status/864440849295441922,,,,
2338,Emmanuel Macron will be France's next president ,TRUE,['https://pbs.twimg.com/media/C_PhHlTXgAEA7ph.jpg'],,2017-05-07T00:00:00+00:33,Emmanuel Macron France next president ,https://twitter.com/BBCBreaking/status/861279477082599425,,,,
2339,Islamist suspect arrested over Borussia Dortmund bus bomb attack,TRUE,['https://pbs.twimg.com/card_img/1023374438610292737/Ag4FJ5x3?format=jpg&name=600x314'],,2017-04-12T00:00:00+00:34,Islamist Dortmund attack,https://twitter.com/BBCBreaking/status/852133258188001280,,,,
2340,"A vehicle has been driven into people in the Swedish capital Stockholm, injuring several people",TRUE,['https://pbs.twimg.com/media/C80EdNbXoAAo8yP.jpg'],,2017-04-07T00:00:00+00:35,Stockholm lorry ram,https://twitter.com/BBCBreaking/status/850335590860165121,,,,
2341,Some Notre Dame graduates walk out over VP Mike Pence speech,TRUE,['https://pbs.twimg.com/card_img/1024871581695324160/NocNmftJ?format=jpg&name=600x314'],,2017-05-21T00:00:00+00:36,Notre Dame graduate Pence,https://twitter.com/cnnbrk/status/866517125330067456,,,,
2342,Driver who plowed into crowd in Times Square tested positive for PCP and said God made him do it,TRUE,['https://pbs.twimg.com/media/DAJv6elXoAAUtv1.jpg'],,2017-05-18T00:00:00+00:37,Driver Times Square PCP  God,https://twitter.com/cnnbrk/status/865377171304591363,,,,
2343,"89 cases involving 2 officers, fired after cell phone video showed them abusing a motorist, have been dismissed.",TRUE,['https://pbs.twimg.com/media/C9ZsyrDXYAUyGtb.jpg'],,2017-03-30T00:00:00+00:38,2 officers fired abuse motorist,https://twitter.com/cnnbrk/status/852988806726897664,,,,
2344,"Man dragged off United flight suffered concussion, broken teeth and sinus injury, plans to file suit",TRUE,['https://pbs.twimg.com/media/C9TjHJCUIAAlfmn.jpg'],,2017-04-13T00:00:00+00:39,Man United flight concussion,https://twitter.com/cnnbrk/status/852556072581726209,,,,
2345,"Blacks more likely than whites to be wrongly convicted, spend more time in prison before exonerated",TRUE,['https://pbs.twimg.com/media/C6SnpnzWgAAtHvl.jpg'],,2017-03-06T00:00:00+00:40,Blacks wrongly convicted prison,https://twitter.com/cnnbrk/status/838979877449707520,,,,
2346,At least 12 injured when pickup plows into crowd Saturday night at Mardi Gras parade in New Orleans,TRUE,['https://pbs.twimg.com/card_img/1026916742172266496/_-OTJKjS?format=jpg&name=600x314'],,2017-02-25T00:00:00+00:41,Saturday night Mardi Gras parade ,https://twitter.com/cnnbrk/status/835675076125143040,,,,
2347,214 people have been indicted on felony rioting charges in connection with Inauguration Day protests in Washington.,TRUE,['https://pbs.twimg.com/media/C5Pv5KpXAAAwi7p.jpg'],,2017-02-21T00:00:00+00:42,riot Inauguration Day protest Washington,https://twitter.com/cnnbrk/status/834274157605040128,,,,
2348,Police in Missouri say vandals toppled and damaged about 100 headstones at a historic Jewish cemetery,TRUE,['https://pbs.twimg.com/media/C5LZ0V7WIAEgDSU.jpg'],,2017-02-21T00:00:00+00:43,Missouri vandals topple Jewish,https://twitter.com/cnnbrk/status/833968427807162368,,,,
2349,US Defense Secretary James Mattis lands in Baghdad a day after Iraq launches new offensive against ISIS,TRUE,['https://pbs.twimg.com/media/C5GIodwW8AE8mQx.jpg'],,2017-02-20T00:00:00+00:44,James Mattis Baghdad ISIS,https://twitter.com/cnnbrk/status/833599043196559360,,,,
2350,Photos show Russian fighter jets buzzing US warship in Black Sea,TRUE,['https://pbs.twimg.com/card_img/1024994240567205888/Q84p_xQm?format=jpg&name=600x314'],,2017-02-16T00:00:00+00:45,Russian fighter jets US  Black Sea,https://twitter.com/cnnbrk/status/832221551994998788,,,,
2351,Police are investigating a flurry of swastika vandalism in three major US cities.,TRUE,['https://pbs.twimg.com/card_img/1026922047325327362/p-LAn5sb?format=jpg&name=600x314'],,2017-02-05T00:00:00+00:46,swastika three US cities,https://twitter.com/cnnbrk/status/828182766810435584,,,,
2352,Soldier near Louvre museum in Paris opens fire on man who tried to attack him with knife,TRUE,['https://pbs.twimg.com/card_img/1026025222749577216/jqWRVKd7?format=jpg&name=600x314'],,2017-02-03T00:00:00+00:47,Soldier Louvre attack knife,https://twitter.com/cnnbrk/status/827456078468247552,,,,
2353,A speech by Breitbart provocateur Milo Yiannopoulos at UC Berkeley was canceled after protests erupted on campus. ,TRUE,['https://pbs.twimg.com/media/C3oQhsqWcAUuVst.jpg'],,2017-02-01T00:00:00+00:48,Breitbart Milo UC Berkeley protest,https://twitter.com/cnnbrk/status/826991764963749892,,,,
2354,"6 people are dead in a shooting at a mosque in Quebec, police say. Attack is being investigated as act of terrorism",TRUE,['https://pbs.twimg.com/media/C3ZcSjmWMAEJxGS.jpg'],,2017-01-29T00:00:00+00:49,shoot mosque Quebec,https://twitter.com/cnnbrk/status/825949099644039169,,,,
2355,One of the two Iraqi men held at JFK airport is released,TRUE,['https://pbs.twimg.com/media/C3RvG9YWQAAK2SM.jpg'],,2017-01-28T00:00:00+00:50,Iraqi men JFK airport release,https://twitter.com/cnnbrk/status/825407495388667905,,,,
2356,More than a million Americans took to the streets to protest Trump the day after his inauguration ¡ª not counting DC,TRUE,['https://pbs.twimg.com/card_img/1025442530786246658/SyGQecpw?format=jpg&name=600x314'],,2017-01-21T00:00:00+00:51,million Americans million Americans inauguration,https://twitter.com/cnnbrk/status/823010003154046977,,,,
2357,President Trump attends interfaith prayer service at Washington's National Cathedral ,TRUE,['https://pbs.twimg.com/media/C2tH4DGXgAAAxWg.jpg'],,2017-01-21T00:00:00+00:52,Trump interfaith prayer National Cathedral ,https://twitter.com/cnnbrk/status/822830414146441216,,,,
2358,SpaceX gets the go-ahead from the FAA to launch a Falcon 9 rocket on Monday,TRUE,['https://pbs.twimg.com/card_img/1024869203336220672/VbLeIqNK?format=jpg&name=600x314'],,2017-01-06T00:00:00+00:53,SpaceX FAA Falcon 9,https://twitter.com/cnnbrk/status/817541147031666689,,,,
2359,Four suspects face hate crime charges in connection with teen's torture broadcast live on Facebook,TRUE,['https://pbs.twimg.com/media/C1bxIc-WEAcjzsS.jpg'],,2017-01-05T00:00:00+00:54,Four suspects teen tortFour suspects teen torture live Facebookure live Facebook,https://twitter.com/cnnbrk/status/817105761230815237,,,,
2360,Louisiana Department of Health asking people in St. Joseph not to drink the tap water for at least 30 days,TRUE,['https://pbs.twimg.com/media/C0KsFPfWEAAdOz0.jpg'],,2016-12-20T00:00:00+00:55,Louisiana St. Joseph tap water,https://twitter.com/cnnbrk/status/811400589137604608,,,,
2361,"Mistrial declared in case of SC ex-cop Michael Slager, accused of murder in shooting of Walter Scott",TRUE,['https://pbs.twimg.com/media/Cy8LZgUW8AEzCyQ.jpg'],,2016-12-05T00:00:00+00:56,Mistrial shoot Walter Scott,https://twitter.com/cnnbrk/status/805876427618926594,,,,
2362,"Two bombs near Afghan Ministry of Defense in Kabul kill 5 people, injure 11. Taliban claim responsibility",TRUE,['https://pbs.twimg.com/card_img/1025640066482364416/K4fYvng1?format=jpg&name=600x314'],,2016-09-05T00:00:00+00:57,Afghan Ministry of Defense Taliban,https://twitter.com/cnnbrk/status/772775659311603712,,,,
2363,"Europe is ""close to limit"" on accepting refugees, EU president says, as he urged other countries to do more.",TRUE,['https://pbs.twimg.com/card_img/1026483236266885122/lvOCggU8?format=jpg&name=600x314'],,2016-09-04T00:00:00+00:58,Europe close to limit refugee,https://twitter.com/cnnbrk/status/772363871768211456,,,,
2364,"Preliminary 5.6 magnitude earthquake hits near Pawnee, Oklahoma",TRUE,['https://pbs.twimg.com/card_img/1026890859239940097/Tp9Ao7oP?format=jpg&name=600x314'],,2016-09-04300:00:00+00:59,earthquake Pawnee Oklahoma,https://twitter.com/cnnbrk/status/772050441366634496,,,,
2365,Brock Turner out of jail after serving 3 months for sexually assaulting unconscious woman.,TRUE,['https://pbs.twimg.com/media/CrWf4huXYAA6NNL.jpg'],,2016-09-02T00:00:00+00:60,Brock Turner jail sexual assault,https://twitter.com/cnnbrk/status/771700385702608896,,,,
2366,"At least 4 people were killed in attack on Christian neighborhood in Peshawar, Pakistan",TRUE,['https://pbs.twimg.com/card_img/1026925336217436165/jQx4PZk7?format=jpg&name=600x314'],,2016-09-01T00:00:00+00:61,4 people kill Christian Peshawar Pakistan,https://twitter.com/cnnbrk/status/771574315053490176,,,,
2367,"ISIS spokesman Mohammad al-Adnani killed in Syria, according to ISIS news agency.",TRUE,['https://pbs.twimg.com/media/CrIMPlYXgAA1ZnI.jpg'],,2016-08-30T00:00:00+00:62,ISIS Mohammad al-Adnani kille Syria,https://twitter.com/cnnbrk/status/770692358988001280,,,,
2368,2 boaters rescued after a plane saw the SOS they had written in sand at Micronesia beach.,TRUE,['https://pbs.twimg.com/media/Cq24gPHXgAEbAdu.jpg'],,2016-08-27T00:00:00+00:63,boaters SOS Micronesia beach. ,https://twitter.com/cnnbrk/status/769474064192827392,,,,
2369,Cousin of NBA star Dwyane Wade was killed in crossfire in Chicago while walking to school to register her children.,TRUE,['https://pbs.twimg.com/card_img/1025482247745335296/YPtciITF?format=jpg&name=600x314'],,2016-08-26T00:00:00+00:64,Cousin Dwyane Wade Chicago,https://twitter.com/cnnbrk/status/769373258558894084,,,,
2370,Second car bomb in Somalia struck people helping victims of first blast; at least 23 dead.,TRUE,['https://pbs.twimg.com/media/CqaICPSXEAAWQQJ.jpg'],,2016-08-21T00:00:00+00:65,Second car bomb  Somalia,https://twitter.com/cnnbrk/status/767450815284056064,,,,
2371,Older brother of Syrian boy in iconic image dies of injuries from airstrike on family home,TRUE,['https://pbs.twimg.com/media/CqUscQQWAAADZxi.jpg'],,2016-08-20T00:00:00+00:66,Older brother  Syrian boy  irstrike,https://twitter.com/cnnbrk/status/767068504277344260,,,,
2372,"USOC apologizes to Rio, Brazil over swimmers¡¯ accusations. Bentz, Conger leave Brazil",TRUE,['https://pbs.twimg.com/media/CqMHtmqWYAAZ87V.jpg'],,2016-08-18T00:00:00+00:67,USOC apologizes Rio Brazil,https://twitter.com/cnnbrk/status/766464981319688192,,,,
2373,Man shot in leg by North Miami Police was lying down with hands up,TRUE,['https://pbs.twimg.com/media/Cn4_a47WcAAMtJd.jpg'],,2016-07-21T00:00:00+00:68,Man North Miami Police hands up,https://twitter.com/cnnbrk/status/756112521187188736,,,,
2374,Spanish bullfighter was gored to death Saturday during an event on live television.,TRUE,['https://pbs.twimg.com/media/Cm_kSOZWYAAcynw.jpg'],,2016-07-10T00:00:00+00:69,Spanish bullfighter death live,https://twitter.com/cnnbrk/status/752070703013367808,,,,
2375,"Suicide bombing kills 4 in Medina, Saudi Arabia; Country's 3rd attack in 24 hours",TRUE,['https://pbs.twimg.com/media/CmilNTdWEAAnzxM.jpg'],,2016-07-04T00:00:00+00:70,Suicide bomb Medina  Saudi Arabia,https://twitter.com/cnnbrk/status/750031670674329600,,,,
2376,U.S. Senate rejects 4 gun control amendments following Orlando attack.,TRUE,['https://pbs.twimg.com/media/ClbfvMCWMAAP36X.jpg'],,2016-06-20T00:00:00+00:71,Senate gun amendments Orlando,https://twitter.com/cnnbrk/status/745029577366474753,,,,
2377,No charges will be filed against mother of boy who fell into gorilla exhibit. ,TRUE,['https://pbs.twimg.com/media/CkSHLrhUkAAJzhd.jpg'],,2016-06-06T00:00:00+00:72,No charges  mother gorilla exhibit,https://twitter.com/cnnbrk/status/739864875850162177,,,,
2378,No evidence of link between London attacker Khalid Masood and so-called IS or al-Qaeda,TRUE,['https://pbs.twimg.com/card_img/1025691142472585217/KC_0imrK?format=jpg&name=600x314'],,2017-03-27T00:00:00+00:73,No evidence Khalid Masood IS,https://twitter.com/BBCBreaking/status/846381887249694720,,,,
2379,More than 200 migrants feared dead in Mediterranean as bodies are recovered from sea,TRUE,['https://pbs.twimg.com/card_img/1023839687193047040/ziWqY4VN?format=jpg&name=600x314'],,2017-03-23T00:00:00+00:74,200 migrants Mediterranean sea,https://twitter.com/BBCBreaking/status/845004866309279745,,,,
2380,"David Cameron overheard calling Nigeria & Afghanistan ""fantastically corrupt countries"" in chat with the Queen",TRUE,['https://pbs.twimg.com/card_img/1025108690230239233/cbMTT8Rk?format=jpg&name=600x314'],,2016-05-10T00:00:00+00:75,David Cameron fantastically corrupt,https://twitter.com/BBCBreaking/status/730038256063107072,,,,
2381,Caitlyn Jenner could face involuntary manslaughter charge for car crash,TRUE,['https://pbs.twimg.com/media/CM4LtUNUsAAJOiu.jpg'],,2015-08-20T00:00:00+00:76,Caitlyn Jenner charge car crash,https://twitter.com/cnnbrk/status/634457471000702977,,,,
2382,Kensington Palace releases photos of Princess Charlotte ahead of her first birthday,TRUE,['https://pbs.twimg.com/media/ChXTOriWUAABjBf.jpg'],,2016-05-01T00:00:00+00:77,Kensington Palace photos Princess Charlotte,https://twitter.com/BBCBreaking/status/726719167517327360,,,,
2383,Death toll from crane collapse at Mecca's Grand Mosque rises to 107 with 238 injured,TRUE,['https://pbs.twimg.com/media/COp0qRyWgAAMiNM.jpg'],,2015-09-11T00:00:00+00:78,crane collapse Mecca's Grand Mosque,https://twitter.com/BBCBreaking/status/642454219606372353,,,,
2384,Famed evangelist preacher Billy Graham has died at age 99,TRUE,['https://pbs.twimg.com/media/DWj8vHTUMAEOIg3.jpg'],,2018-02-21T00:00:00+00:79,preacher Billy Graham died,https://twitter.com/NBCNews/status/966301122171408385,,,,
2385,"After Florida school shooting, hundreds attend gun show less than 50 miles away.",TRUE,['https://pbs.twimg.com/card_img/1026470956141830145/NBb7bQ8h?format=jpg&name=600x314'],,2018-02-17T00:00:00+00:80,Florida school shooting attend gun show,https://twitter.com/NBCNews/status/964965795477499904,,,,
2386,House passes GOP tax bill by vote of 227-205,TRUE,['https://pbs.twimg.com/media/DOxnaAYW4AIdGgH.jpg'],,2017-11-06T00:00:00+00:81,pass GOP tax bill,https://twitter.com/NBCNews/status/931233070761603073,,,,
2387,Muslim Americans again brace for backlash after New York attack,TRUE,['https://pbs.twimg.com/media/DNhFrZSVQAAiUDp.jpg'],,2017-10-31T00:00:00+00:82,Muslim Americans backlash New York,https://twitter.com/NBCNews/status/925566337736462336,,,,
2388,President Trump's border wall prototypes are complete.,TRUE,['https://pbs.twimg.com/media/DNOdNAIW4AATwJm.jpg'],,2017-10-28T00:00:00+00:83,Trump border wall prototypes,https://twitter.com/NBCNews/status/924255197160931328,,,,
2389,Scientists are trying to prevent the ¡°supervolcano¡± under Yellowstone from causing a huge eruption,TRUE,['https://pbs.twimg.com/media/DJEw8MaUQAAGqpD.jpg'],,2017-09-06T00:00:00+00:84,supervolcano Yellowstone eruption,https://twitter.com/NBCNews/status/905558816330219522,,,,
2390,Protesters display a giant inflatable rat in the likeness of President Trump ahead of his arrival at Trump Tower in New York City,TRUE,['https://pbs.twimg.com/media/DHOUizkWAAAiKlG.jpg'],,2017-08-14T00:00:00+00:85,Protesters rat Trump Trump Tower,https://twitter.com/NBCNews/status/897224542283759617,,,,
2391,"White nationalists hold rally in Charlottesville, Virginia",TRUE,['https://pbs.twimg.com/media/DHCeaAnWAAIBSbo.jpg'],,2017-08-12T00:00:00+00:86,White nationalists Charlottesville Virginia,https://twitter.com/NBCNews/status/896390499191447552,,,,
2392,Fans pledge NFL boycott if Colin Kaepernick doesn't get signed,TRUE,['https://pbs.twimg.com/media/DGwpg36XoAE30Pf.jpg'],,2017-08-08T00:00:00+00:87,Fans  NFL boycott Colin Kaepernick,https://twitter.com/NBCNews/status/895136072472174592,,,,
2393,Well-respected coffee farmer in Hawaii deported to Mexico,TRUE,['https://pbs.twimg.com/media/DEPgVUrWAAAvc_P.jpg'],,2017-07-08T00:00:00+00:88,coffee farmer Hawaii deporte Mexico,https://twitter.com/NBCNews/status/883796611670953985,,,,
2394,"Photo captures Vice President Mike Pence ignoring NASA's ""Do Not Touch"" sign ",TRUE,['https://pbs.twimg.com/media/DEJcZF8XoAEZlyq.jpg'],,2017-07-07T00:00:00+00:89,Mike Pence ignor NASA sign ,https://twitter.com/NBCNews/status/883370065877508096,,,,
2395,73% of Americans want an independent investigation into Russia's involvement in the 2016 election,TRUE,['https://pbs.twimg.com/media/C-MM5CGVYAIzCk8.jpg'],,2017-04-24T00:00:00+00:90,73% investigation Russia election,https://twitter.com/NBCNews/status/856542530867003394,,,,
2396,"Pelosi blames Comey letter for Clinton loss, calling it a ""foul deed""",TRUE,['https://pbs.twimg.com/media/Cxg7xSJXUAAVPYS.jpg'],,2016-11-17T00:00:00+00:91,Pelosi  Comey foul deed,https://twitter.com/NBCNews/status/799454654400753664,,,,
2397,Rep. John Lewis' popularity soars amid Trump boycott,TRUE,['https://pbs.twimg.com/media/C2PzxQRWEAAXS7e.jpg'],,2017-01-15T00:00:00+00:92,Rep. John Lewis soar  Trump,https://twitter.com/NBCNews/status/820767587822927872,,,,
2398,"Trump has hit back at San Juan's mayor, accusing her of ""poor leadership ability"" after she pleaded for more aid",TRUE,['https://pbs.twimg.com/media/DK_EtGrWkAAjFuF.jpg'],,2017-09-30T00:00:00+00:93,Trump San Juan's mayor aid,https://twitter.com/NBCNews/status/914165530927468544,,,,
2399,"After being shot, Rep. Steve Scalise still opposes more gun control ",TRUE,['https://pbs.twimg.com/media/DLnlydjWsAEz9Bs.jpg'],,2017-10-08T00:00:00+00:94,Rep. Steve Scalise still opposes gun control ,https://twitter.com/NBCNews/status/917016657104646144,,,,